file,source,source_size,seam_jump
00_Original_Rose_Sample.png,principled/test_patterns/patterns_bilingual_part_1/00_最初玫瑰样例_Original_Rose_Sample.png,1254x1254,1.46
01_Sparse_Vines_with_Small_Blossoms.png,principled/test_patterns/patterns_bilingual_part_1/01_稀疏细藤蔓·小花_Sparse_Vines_with_Small_Blossoms.png,1254x1254,1.73
02_Sparse_Vines_with_Blue_Bellflowers.png,principled/test_patterns/patterns_bilingual_part_1/02_稀疏细藤蔓·铃花_Sparse_Vines_with_Blue_Bellflowers.png,1254x1254,0.98
03_Medium-Density_Roses_and_Leaves.png,principled/test_patterns/patterns_bilingual_part_1/03_中密度花叶·玫瑰_Medium-Density_Roses_and_Leaves.png,1254x1254,1.93
04_Medium-Density_Wildflowers_and_Leaves.png,principled/test_patterns/patterns_bilingual_part_1/04_中密度花叶·野花_Medium-Density_Wildflowers_and_Leaves.png,1254x1254,1.86
05_Dense_Ivy_Vines.png,principled/test_patterns/patterns_bilingual_part_1/05_密集植物·常春藤_Dense_Ivy_Vines.png,1254x1254,1.01
06_Dense_Leaves_and_Small_Flowers.png,principled/test_patterns/patterns_bilingual_part_1/06_密集植物·叶片与小花_Dense_Leaves_and_Small_Flowers.png,1254x1254,1.24
07_Floral_Stained_Glass.png,principled/test_patterns/patterns_bilingual_part_2/07_彩绘玻璃·花叶_Floral_Stained_Glass.png,1254x1254,1.00
08_Abstract_Curved_Stained_Glass.png,principled/test_patterns/patterns_bilingual_part_2/08_彩绘玻璃·曲线_Abstract_Curved_Stained_Glass.png,1254x1254,1.37
09_Interwoven_Curved_Ribbons.png,principled/test_patterns/patterns_bilingual_part_2/09_几何曲线·交织带_Interwoven_Curved_Ribbons.png,1254x1254,1.60
10_Decorative_Swirl_Pattern.png,principled/test_patterns/patterns_bilingual_part_2/10_几何曲线·回旋纹_Decorative_Swirl_Pattern.png,1254x1254,1.58
11_Blue-and-White_Floral_Vines.png,principled/test_patterns/patterns_bilingual_part_2/11_蓝白小花藤蔓_Blue-and-White_Floral_Vines.png,1254x1254,1.32
12_Ivory_Lotus_Vines_on_Indigo.png,principled/test_patterns/patterns_bilingual_part_2/12_靛蓝底缠枝莲_Ivory_Lotus_Vines_on_Indigo.png,1254x1254,1.61
13_Light_Gray_Auspicious_Clouds_on_Ivory.png,principled/test_patterns/patterns_bilingual_part_2/13_米白浅灰祥云_Light_Gray_Auspicious_Clouds_on_Ivory.png,1254x1254,1.42
14_Celadon_Ruyi_Cloud_Pattern.png,principled/test_patterns/patterns_bilingual_part_3/14_青绿如意云纹_Celadon_Ruyi_Cloud_Pattern.png,1254x1254,6.47
15_Delicate_Plum_Blossom_Branches.png,principled/test_patterns/patterns_bilingual_part_3/15_淡雅梅花枝纹_Delicate_Plum_Blossom_Branches.png,1254x1254,1.31
16_Airy_Bamboo_Leaves_and_Branches.png,principled/test_patterns/patterns_bilingual_part_3/16_竹叶疏枝纹_Airy_Bamboo_Leaves_and_Branches.png,1254x1254,1.48
17_Stylized_Peony_Vines.png,principled/test_patterns/patterns_bilingual_part_3/17_简化牡丹缠枝_Stylized_Peony_Vines.png,1254x1254,1.43
18_Indigo_Flowing_Water_Pattern.png,principled/test_patterns/patterns_bilingual_part_3/18_靛青水波纹_Indigo_Flowing_Water_Pattern.png,1254x1254,1.86
19_Muted_Gold_Meander_Pattern.png,principled/test_patterns/patterns_bilingual_part_3/19_米金简化回纹_Muted_Gold_Meander_Pattern.png,1254x1254,33.37
20_Osmanthus_Blossoms_on_Slender_Branches.png,principled/test_patterns/patterns_bilingual_part_3/20_桂花细枝纹_Osmanthus_Blossoms_on_Slender_Branches.png,1254x1254,2.30
